﻿{"cameraMode":{"drawMode":0,"name":"Shaded","section":"Shading Mode"},"sceneLighting":true,"audioPlay":false,"sceneViewState":{"showFog":true,"showMaterialUpdate":false,"showSkybox":true,"showFlares":true,"showImageEffects":true,"showParticleSystems":true},"in2DMode":false,"pivot":{"x":0.23097535967826844,"y":0.7309408187866211,"z":-6.596065998077393},"rotation":{"x":-0.33651235699653628,"y":-0.0005681341281160712,"z":0.00020234251860529184,"w":-0.9416788816452026},"size":12.132295608520508,"orthographic":false}