﻿{"cameraMode":{"drawMode":0,"name":"Shaded","section":"Shading Mode"},"sceneLighting":false,"audioPlay":false,"sceneViewState":{"showFog":true,"showMaterialUpdate":false,"showSkybox":false,"showFlares":true,"showImageEffects":true,"showParticleSystems":true},"in2DMode":false,"pivot":{"x":-1.0800000429153443,"y":-0.009999990463256836,"z":-2.7799999713897707},"rotation":{"x":-0.2814297378063202,"y":0.3590380549430847,"z":-0.11450015008449555,"w":-0.8824844360351563},"size":2.8578836917877199,"orthographic":false}