﻿{"cameraMode":{"drawMode":0,"name":"Shaded","section":"Shading Mode"},"sceneLighting":false,"audioPlay":false,"sceneViewState":{"showFog":true,"showMaterialUpdate":false,"showSkybox":false,"showFlares":true,"showImageEffects":true,"showParticleSystems":true},"in2DMode":false,"pivot":{"x":-3.9584879875183107,"y":1.7480533123016358,"z":5.459882736206055},"rotation":{"x":-0.4721289873123169,"y":0.004754123743623495,"z":-0.0025476019363850357,"w":-0.8815129995346069},"size":24.818653106689454,"orthographic":false}