﻿{"cameraMode":{"drawMode":0,"name":"Shaded","section":"Shading Mode"},"sceneLighting":true,"audioPlay":false,"sceneViewState":{"showFog":true,"showMaterialUpdate":false,"showSkybox":true,"showFlares":true,"showImageEffects":true,"showParticleSystems":true},"in2DMode":false,"pivot":{"x":-0.33320432901382449,"y":7.030494213104248,"z":-8.13303279876709},"rotation":{"x":-0.38403433561325076,"y":-0.014409130439162255,"z":0.005992738995701075,"w":-0.9231869578361511},"size":2.020829200744629,"orthographic":false}