﻿{"cameraMode":{"drawMode":0,"name":"Shaded","section":"Shading Mode"},"sceneLighting":true,"audioPlay":false,"sceneViewState":{"showFog":true,"showMaterialUpdate":false,"showSkybox":true,"showFlares":true,"showImageEffects":true,"showParticleSystems":true},"in2DMode":false,"pivot":{"x":236.30154418945313,"y":-165.27354431152345,"z":-340.48211669921877},"rotation":{"x":0.33988919854164126,"y":-0.0850495770573616,"z":-0.03088187426328659,"w":-0.9361026883125305},"size":6.5208306312561039,"orthographic":false}